Commodity,Model,MAE,RMSE,MAPE,Accuracy
Onion,SARIMA,2.5,2.5495097567963922,4.941176470588235,95.05882352941177
