Commodity,Model,MAE,RMSE,MAPE
Onion,SARIMA,2.5,2.5495097567963922,4.941176470588235
Onion,Naive_LastValue,2.5,2.5495097567963922,4.941176470588235
